{"cameraMode":{"drawMode":0,"name":"Shaded","section":"Shading Mode"},"sceneLighting":true,"audioPlay":false,"sceneViewState":{"showFog":true,"showMaterialUpdate":false,"showSkybox":true,"showFlares":true,"showImageEffects":true,"showParticleSystems":true},"in2DMode":false,"pivot":{"x":0.0,"y":26.030000686645509,"z":-25.739999771118165},"rotation":{"x":0.36097487807273867,"y":-0.1766369789838791,"z":0.06983544677495957,"w":0.9130278825759888},"size":45.424041748046878,"orthographic":true}